route_is.ogg,"afstand: "
route_calculate.ogg,"route herberekend"
after.ogg,"na "
left.ogg,"sla linksaf"
left_sh.ogg,"scherpe bocht naar links"
left_sl.ogg,"buig af naar links"
right.ogg,"sla rechtsaf"
right_sh.ogg,"scherpe bocht naar rechts"
right_sl.ogg,"buig af naar rechts"
left_keep.ogg,"houd links aan"
right_keep.ogg,"houd rechts aan"
left_bear.ogg,"houd links aan"
right_bear.ogg,"houd rechts aan"
make_uturn.ogg,", keer om"
make_uturn_wp.ogg,"probeer om te keren."
prepare_roundabout.ogg,"neem de rotonde"
roundabout.ogg,", neem op de rotonde, de "
then.ogg,"daarna "
take.ogg,"neem de "
exit.ogg,"afrit"
1st.ogg,"eerste "
2nd.ogg,"tweede "
3rd.ogg,"derde "
4th.ogg,"vierde "
5th.ogg,"vijfde "
6th.ogg,"zesde "
7th.ogg,"zevende "
8th.ogg,"achtste "
9th.ogg,"negende "
10th.ogg,"tiende "
11th.ogg,"elfde "
12th.ogg,"twaalfde "
13th.ogg,"dertiende "
14th.ogg,"veertiende "
15th.ogg,"vijftiende "
16th.ogg,"zestiende "
17th.ogg,"zeventiende "
go_ahead.ogg,"blijf deze weg volgen"
follow.ogg,"volg de weg voor "
and_arrive_destination.ogg,"dan bereik je je bestemming "
reached_destination.ogg,"bestemming bereikt: "
and_arrive_intermediate.ogg,"dan bereik je je tussenbestemming "
reached_intermediate.ogg,"tussenbestemming bereikt: "
and_arrive_waypoint.ogg,"dan bereik je het GPX-routepunt "
reached_waypoint.ogg,"GPX-routepunt bereikt: "
and_arrive_favorite.ogg,"dan bereik je je favoriet "
reached_favorite.ogg,"favoriet bereikt: "
and_arrive_poi.ogg,"dan bereik je het interessepunt "
reached_poi.ogg,"interessepunt bereikt: "
exceed_limit.ogg,"maximumsnelheid "
attention.ogg,"let op, "
speed_camera.ogg,"flitspaal"
border_control.ogg,"grenscontrole"
railroad_crossing.ogg,"spoorwegovergang"
traffic_calming.ogg,"verkeersremmer"
toll_booth.ogg,"tolpoort"
stop.ogg,"stopteken"
pedestrian_crosswalk.ogg,"zebrapad"
location_lost.ogg,"GPS-signaal verloren"
location_recovered.ogg,"GPS-signaal hersteld"
off_route.ogg,"je bent afgeweken van de route sinds "
back_on_route.ogg,"je bent weer op de route"
onto.ogg,"naar "
on.ogg,"op "
toward.ogg,"richting "
meters.ogg,"meter"
meters_end.ogg,"meter."
around_1_kilometer.ogg,"ongeveer een kilometer"
around.ogg,"ongeveer "
kilometers.ogg,"kilometer"
kilometers_end.ogg,"kilometer."
feet.ogg,"voet"
feet_end.ogg,"voet."
1_tenth_of_a_mile.ogg,"een tiende mijl"
tenths_of_a_mile.ogg,"tiende mijl"
tenths_of_a_mile_end.ogg,"tiende mijl."
around_1_mile.ogg,"ongeveer een mijl"
mile.ogg,"mijl"
miles.ogg,"mijlen"
mile_end.ogg,"mijl."
miles_end.ogg,"mijlen."
yard.ogg,"yard"
yards.ogg,"yards"
yards_end.ogg,"yards."
time.ogg,", tijd tot bestemming: "
1_hour.ogg,"een uur "
hours.ogg,"uur "
less_a_minute.ogg,"minder dan een minuut"
1_minute.ogg,"een minuut"
minutes.ogg,"minuten"
1.ogg,1
2.ogg,2
3.ogg,3
4.ogg,4
5.ogg,5
6.ogg,6
7.ogg,7
8.ogg,8
9.ogg,9
10.ogg,10
11.ogg,11
12.ogg,12
13.ogg,13
14.ogg,14
15.ogg,15
16.ogg,16
17.ogg,17
18.ogg,18
19.ogg,19
20.ogg,20
25.ogg,25
30.ogg,30
35.ogg,35
40.ogg,40
45.ogg,45
50.ogg,50
55.ogg,55
60.ogg,60
65.ogg,65
70.ogg,70
75.ogg,75
80.ogg,80
85.ogg,85
90.ogg,90
95.ogg,95
100.ogg,100
150.ogg,150
200.ogg,200
250.ogg,250
300.ogg,300
350.ogg,350
400.ogg,400
450.ogg,450
500.ogg,500
550.ogg,550
600.ogg,600
650.ogg,650
700.ogg,700
750.ogg,750
800.ogg,800
850.ogg,850
900.ogg,900
950.ogg,950
1000.ogg,1000
2000.ogg,2000
3000.ogg,3000
4000.ogg,4000
5000.ogg,5000
6000.ogg,6000
7000.ogg,7000
8000.ogg,8000
9000.ogg,9000
